{
  "config": {
    "seed": 42,
    "num_attempts": 5,
    "token_reduction_factor": 0.15,
    "success_boost": 0.1
  },
  "split": {
    "train_count": 1795,
    "test_count": 1796
  },
  "control": {
    "metrics": {
      "pass_at_1": 0.5924276169265034,
      "pass_at_3": 0.6714922048997772,
      "pass_at_5": 0.7321826280623608,
      "total_problems": 1796,
      "avg_tokens_per_problem": 236111.35857461023,
      "avg_attempts_to_success": 1.4593155893536123,
      "failure_ratio": 0.6805122494432071
    }
  },
  "treatment": {
    "metrics": {
      "pass_at_1": 0.6776169265033407,
      "pass_at_3": 0.7884187082405345,
      "pass_at_5": 0.8574610244988864,
      "total_problems": 1796,
      "avg_tokens_per_problem": 200694.6547884187,
      "avg_attempts_to_success": 1.462987012987013,
      "failure_ratio": 0.5922048997772829
    }
  },
  "comparison": {
    "pass_at_1_improvement": 0.08518930957683735,
    "pass_at_3_improvement": 0.11692650334075727,
    "pass_at_5_improvement": 0.1252783964365256,
    "token_reduction": 0.15,
    "efficiency_gain": -0.0036714236334007833,
    "failure_ratio_reduction": 0.08830734966592424
  }
}