{
  "statistical_tests": {
    "pass@1": {
      "control": 0.5924276169265034,
      "treatment": 0.6776169265033407,
      "diff": 0.08518930957683735,
      "z": 5.3026822798725295,
      "p_value": 1.143519199331422e-07,
      "significant_bonferroni": true,
      "cohens_h": 0.17723966963608273,
      "effect_interpretation": "negligible"
    },
    "pass@3": {
      "control": 0.6714922048997772,
      "treatment": 0.7884187082405345,
      "diff": 0.11692650334075727,
      "z": 7.891966769680206,
      "p_value": 3.1086244689504383e-15,
      "significant_bonferroni": true,
      "cohens_h": 0.2647595411022312,
      "effect_interpretation": "small"
    },
    "pass@5": {
      "control": 0.7321826280623608,
      "treatment": 0.8574610244988864,
      "diff": 0.1252783964365256,
      "z": 9.29638030403587,
      "p_value": 0.0,
      "significant_bonferroni": true,
      "cohens_h": 0.31359484175596153,
      "effect_interpretation": "small"
    },
    "failure_ratio": {
      "control": 0.6805122494432071,
      "treatment": 0.5922048997772829,
      "diff": -0.08830734966592424,
      "z": -5.501072809255829,
      "p_value": 3.784191449085483e-08,
      "significant_bonferroni": true,
      "cohens_h": -0.18389492298054577,
      "effect_interpretation": "negligible"
    }
  },
  "token_reduction_pct": 15.0,
  "bonferroni_alpha": 0.0125,
  "post_hoc_power": 0.9995977486561061,
  "n_per_group": 1796
}